,accuracy,precision,recall,F1,accuracy_wo_o,precision_wo_o,recall_wo_o,F1_WO_O,N_MODEL,HIDDEN_SIZE,N_LAYERS,DIRECTIONS
0,0.9608909154682568,0.9719178398488929,0.9608909154682568,0.9657915432665465,0.9614269396362358,0.973720675582811,0.9614269396362358,0.9672333724560106,Model1,500,1,1
1,0.9594878989828131,0.9718863040638426,0.9594878989828131,0.965241062702939,0.9601968192601704,0.9736604740563595,0.9601968192601704,0.9666787338166054,Model2,500,2,1
2,0.9530866362679762,0.9692848933483906,0.9530866362679762,0.9605185022079514,0.9536947544152535,0.9713128180277576,0.9536947544152535,0.9622350404177835,Model3,500,3,1
