{
  "test_read_data": {
    "lengths": [
      1750,
      250,
      500
    ]
  },
  "test_vocab": {
    "length": 7163,
    "tag2id_length": 7,
    "Spongebob": 1
  },
  "test_count_oov": {
    "dev_oov": 638,
    "test_oov": 1368
  },
  "test_prepare_data_loader": {
    "lengths": [
      110,
      16,
      32
    ]
  },
  "test_NERNet": {
    "f1": 0.9688527649617503,
    "f1_wo_o": 0.9702026916810206
  },
  "test_glove": {
    "f1": 0.9178590874112905,
    "f1_wo_o": 0.919713202235623
  }
}
